User Input,Chatbot Response
hii,hi!
what is organic composting,"Composting is the process of breaking down organic waste (food scraps, yard waste) into nutrient-rich soil. Benefits: Reduces landfill waste, enriches soil, improves soil health."
hi,hi there
what is sustainability??,My Name is BIO FEAST I can answer your questions about sustainable food and provide information on related topics.
what can you do??,I am a chatbot designed to help with sustainable food practices.
what is  sustainable food practices.,"Food produced with minimal environmental impact, ensuring long-term food security for all."
how can we reduce food wasteage,"Plan meals, store food properly, compost food scraps, learn to cook with leftovers, buy only what you need."
how can lead a sustainable life?,"Read books, articles, and blogs, take online courses or attend workshops, visit local farms and farmers' markets, join local food groups or organizations."
how to deploy,"Check your pantry and refrigerator before shopping, create weekly meal plans, use leftovers creatively, cook in bulk and freeze portions."
hii,hey
how are you,I am a chatbot designed to help with sustainable food practices.
],"I'm still learning, please rephrase your question."
hhhh,"I'm still learning, please rephrase your question."
hello,howdy
what is your name,My Name is BIO FEAST I can answer your questions about sustainable food and provide information on related topics.
who are you,I am a chatbot designed to help with sustainable food practices.
hello,howdy
what is chatbot,I am a chatbot designed to help with sustainable food practices.
hello,hi there
how are you,I am a chatbot designed to help with sustainable food practices.
hii,hi there
hello,hi!
hii,hi!
hii,hi!
hello,hello
how are you,I am a chatbot designed to help with sustainable food practices.
what is your age,I am a chatbot designed to help with sustainable food practices.
hows going on,"Cook more meals at home, choose whole foods over processed options, limit consumption of fast food and packaged snacks."
what is farming,"Organic: Prohibits the use of synthetic pesticides, fertilizers, and genetically modified organisms (GMOs). Conventional: May use synthetic inputs."
what is sustainable,"Food produced with minimal environmental impact, ensuring long-term food security for all."
sustain means,"I'm still learning, please rephrase your question."
sustainable word?,"Food produced with minimal environmental impact, ensuring long-term food security for all."
dnbj,"I'm still learning, please rephrase your question."
what is food diet,"Food produced with minimal environmental impact, ensuring long-term food security for all."
hello,hi there
hii,howdy
how are you,My Name is BIO FEAST I can answer your questions about sustainable food and provide information on related topics.
hii,hey
how are you,I am a chatbot designed to help with sustainable food practices.
what is your main goal,My Name is BIO FEAST I can answer your questions about sustainable food and provide information on related topics.
what is BIOFEAST,I am a chatbot designed to help with sustainable food practices.
chat green eat clean means??,"Start with one small change at a time (e.g., try Meatless Mondays), buy local and seasonal produce, reduce food waste, compost food scraps, choose plant-based options more often."
hii,hi!
how are you,My Name is BIO FEAST I can answer your questions about sustainable food and provide information on related topics.
what is green,My Name is BIO FEAST I can answer your questions about sustainable food and provide information on related topics.
explain about home oage,"Food produced with minimal environmental impact, ensuring long-term food security for all."
egg,"I'm still learning, please rephrase your question."
what is egg,My Name is BIO FEAST I can answer your questions about sustainable food and provide information on related topics.
veg and non veg foods,"Permaculture is a design system for creating sustainable human settlements. It integrates plants, animals, and infrastructure in a way that mimics natural ecosystems, promoting food production in a sustainable and resilient way."
food miles,"Food produced with minimal environmental impact, ensuring long-term food security for all."
seasonal food,"Food produced with minimal environmental impact, ensuring long-term food security for all."
seasonal food advantages,"Food produced with minimal environmental impact, ensuring long-term food security for all."
hii,hello
hii,howdy
Why should I eat seasonally?,"Seasonal foods are fresher, tastier, and more nutritious."
what is farming,"Organic: Prohibits the use of synthetic pesticides, fertilizers, and genetically modified organisms (GMOs). Conventional: May use synthetic inputs."
food miles,"The longer the distance food travels, the more greenhouse gases are emitted."
some food recipies,"Reusable containers and bags, biodegradable and compostable packaging, minimal packaging."
What are some sustainable food recipes I can try?,"Search online for ""vegetarian recipes,"" ""vegan recipes,"" ""plant-based recipes,"" explore cookbooks and recipe blogs focused on sustainable cuisine."
sustainale food recipies,"Food produced with minimal environmental impact, ensuring long-term food security for all."
sustanable food education,"Local libraries, universities and colleges, non-profit organizations (e.g., World Wildlife Fund, Environmental Defense Fund), online resources and documentaries."
give me a steps to prepare  a healthy diet,Gradually reduce meat and dairy consumption if possible.
hi hello who are you,My Name is BIO FEAST I can answer your questions about sustainable food and provide information on related topics.
what you do,My Name is BIO FEAST I can answer your questions about sustainable food and provide information on related topics.
who are humans,My Name is BIO FEAST I can answer your questions about sustainable food and provide information on related topics.
what is food,"Food produced with minimal environmental impact, ensuring long-term food security for all."
what is your main goal,My Name is BIO FEAST I can answer your questions about sustainable food and provide information on related topics.
hello,hey
hello bot,hi!
what are you for?,My Name is BIO FEAST I can answer your questions about sustainable food and provide information on related topics.
okay,"I'm still learning, please rephrase your question."
what is a healthy diet?,"Better for the environment (lower carbon footprint), improved human health (reduced risk of heart disease, diabetes, some cancers), animal welfare."
okay bye see you good night!,have a nice day
it is night time how can you say ncz day,I am a chatbot designed to help with sustainable food practices.
how to maintain diet,Avoid highly processed and packaged foods.
then,"I'm still learning, please rephrase your question."
how can i maintain diet,Gradually reduce meat and dairy consumption if possible.
then,"I'm still learning, please rephrase your question."
byt,"I'm still learning, please rephrase your question."
bye,see you later
what is your name?,My Name is BIO FEAST I can answer your questions about sustainable food and provide information on related topics.
bye,bye bye
hii,hi!
whats our namr,"I'm still learning, please rephrase your question."
what is your name,My Name is BIO FEAST I can answer your questions about sustainable food and provide information on related topics.
how are you,My Name is BIO FEAST I can answer your questions about sustainable food and provide information on related topics.
what is chatbot,I am a chatbot designed to help with sustainable food practices.
explain about sustainable food practices,"Read books, articles, and blogs, take online courses or attend workshops, visit local farms and farmers' markets, join local food groups or organizations."
more details,"Start with Meatless Mondays, try vegetarian or vegan recipes, explore plant-based protein sources (beans, lentils, tofu, tempeh)."
chat green,Buy in bulk to reduce packaging waste.
hii,hi there
how are you,I am a chatbot designed to help with sustainable food practices.
dsjdhbdf,"I'm still learning, please rephrase your question."
ajsdkhbf,"I'm still learning, please rephrase your question."
iefker,"I'm still learning, please rephrase your question."
ksjdbhbf,"I'm still learning, please rephrase your question."
name,My Name is BIO FEAST I can answer your questions about sustainable food and provide information on related topics.
lskdkj,"I'm still learning, please rephrase your question."
hzfbjsdh,"I'm still learning, please rephrase your question."
hii,hello
whats your name,I am a chatbot designed to help with sustainable food practices.
hows going?,I am a chatbot designed to help with sustainable food practices.
is your name is biofest,My Name is BIO FEAST I can answer your questions about sustainable food and provide information on related topics.
i need more information about you,"Read books, articles, and blogs, take online courses or attend workshops, visit local farms and farmers' markets, join local food groups or organizations."
no i need about your personal details,"Read books, articles, and blogs, take online courses or attend workshops, visit local farms and farmers' markets, join local food groups or organizations."
is there any other options to know about yourself,"Seasonal foods are fresher, tastier, and more nutritious."
hii,howdy
how are you,I am a chatbot designed to help with sustainable food practices.
what your name,My Name is BIO FEAST I can answer your questions about sustainable food and provide information on related topics.
more about yourself,"Read books, articles, and blogs, take online courses or attend workshops, visit local farms and farmers' markets, join local food groups or organizations."
what is farming,"Organic: Prohibits the use of synthetic pesticides, fertilizers, and genetically modified organisms (GMOs). Conventional: May use synthetic inputs."
good to know,hi there
thanks for your information,You're welcome
give more basic details about farming,"Read books, articles, and blogs, take online courses or attend workshops, visit local farms and farmers' markets, join local food groups or organizations."
hii,hey
how are you,I am a chatbot designed to help with sustainable food practices.
hii,hello
how are you,My Name is BIO FEAST I can answer your questions about sustainable food and provide information on related topics.
explain organic farming,"Organic: Prohibits the use of synthetic pesticides, fertilizers, and genetically modified organisms (GMOs). Conventional: May use synthetic inputs."
how going on,"Cook more meals at home, choose whole foods over processed options, limit consumption of fast food and packaged snacks."
hii,hi!
hii,hey
how are you,My Name is BIO FEAST I can answer your questions about sustainable food and provide information on related topics.
what your name,My Name is BIO FEAST I can answer your questions about sustainable food and provide information on related topics.
how are you,I am a chatbot designed to help with sustainable food practices.
sustainable,"Food produced with minimal environmental impact, ensuring long-term food security for all."
sustain,"I'm still learning, please rephrase your question."
do you know tharunya,I am a chatbot designed to help with sustainable food practices.
organic farming,"Organic: Prohibits the use of synthetic pesticides, fertilizers, and genetically modified organisms (GMOs). Conventional: May use synthetic inputs."
food,"Food produced with minimal environmental impact, ensuring long-term food security for all."
helathy food,"Food produced with minimal environmental impact, ensuring long-term food security for all."
hii,hi!
how are you,My Name is BIO FEAST I can answer your questions about sustainable food and provide information on related topics.
hi,hey
hii,hello
hii,hello
hii,hi!
hiiii,"I'm still learning, please rephrase your question."
how are you,I am a chatbot designed to help with sustainable food practices.
im good,howdy
susutain,"I'm still learning, please rephrase your question."
hii,hello
whats your name,My Name is BIO FEAST I can answer your questions about sustainable food and provide information on related topics.
organic food,"Reduced exposure to pesticides, better for the environment, can support soil health."
